{
  "广州市": [113.280637, 23.125178],
  "深圳市": [114.068318, 22.548549],
  "佛山市": [113.123512, 23.029288],
  "东莞市": [113.748057, 23.049449],
  "珠海市": [113.57022, 22.275704],
  "汕头市": [116.69747, 23.36708],
  "惠州市": [114.417081, 23.078491],
  "中山市": [113.385, 22.5228],
  "湛江市": [110.35928, 21.27489],
  "茂名市": [110.92389, 21.6667],
  "江门市": [113.09088, 22.5937],
  "肇庆市": [112.4578, 23.0505],
  "梅州市": [116.11973, 24.30256],
  "汕尾市": [115.3789, 22.9515],
  "河源市": [114.70726, 23.74543],
  "阳江市": [111.97576, 21.85489],
  "清远市": [113.05018, 23.685],
  "潮州市": [116.6323, 23.6535],
  "揭阳市": [116.3533, 23.5471],
  "云浮市": [112.0469, 22.9329],
  "韶关市": [113.59747, 24.80296],


  "成都市": [104.065735, 30.659462],
  "绵阳市": [104.741722, 31.46402],
  "德阳市": [104.398651, 31.127991],
  "自贡市": [104.778442, 29.33903],
  "攀枝花市": [101.716007, 26.580446],
  "泸州市": [105.44397, 28.89593],
  "达州市": [107.50226, 31.209485],
  "南充市": [106.110698, 30.837793],
  "遂宁市": [105.571331, 30.513311],
  "内江市": [105.066138, 29.58708],
  "乐山市": [103.761263, 29.582024],
  "资阳市": [104.641917, 30.122211],
  "宜宾市": [104.630825, 28.760189],
  "广元市": [105.829757, 32.433668],
  "眉山市": [103.84851, 30.082526],
  "雅安市": [103.001033, 29.987722],
  "广安市": [106.633369, 30.456398],
  "巴中市": [106.753669, 31.858809],
  "阿坝藏族羌族自治州": [102.224653, 31.899413],
  "甘孜藏族自治州": [101.963815, 30.050663],
  "凉山彝族自治州": [102.258746, 27.886762]
}
